Epitope ID,Object Type,Description,Starting Position,Ending Position,Antigen Name,Antigen Accession,Parent Protein,Parent Protein Accession,Organism Name,Parent Organism,Parent Organism ID
3324,Linear peptide,ANKEGIVWVATEGAL,126,140,nucleocapsid protein,ABI96968.1,sp|P59595|NCAP_CVHSA Nucleoprotein OS=Human SARS coronavirus OX=694009 GN=N PE=1 SV=1,P59595,Severe acute respiratory syndrome-related coronavirus,Severe acute respiratory syndrome-related coronavirus,694009
3957,Linear peptide,AQFAPSASAFFGMSR,306,320,nucleocapsid protein,ABI96968.1,sp|P59595|NCAP_CVHSA Nucleoprotein OS=Human SARS coronavirus OX=694009 GN=N PE=1 SV=1,P59595,Severe acute respiratory syndrome-related coronavirus,Severe acute respiratory syndrome-related coronavirus,694009
4837,Linear peptide,ASWFTALTQHGKEEL,51,65,Nucleoprotein,P59595.1,sp|P59595|NCAP_CVHSA Nucleoprotein OS=Human SARS coronavirus OX=694009 GN=N PE=1 SV=1,P59595,Severe acute respiratory syndrome-related coronavirus,Severe acute respiratory syndrome-related coronavirus,694009
5133,Linear peptide,ATRRVRGGDGKMKEL,91,105,Nucleoprotein,P59595.1,sp|P59595|NCAP_CVHSA Nucleoprotein OS=Human SARS coronavirus OX=694009 GN=N PE=1 SV=1,P59595,Severe acute respiratory syndrome-related coronavirus,Severe acute respiratory syndrome-related coronavirus,694009
7065,Linear peptide,CSQNPLAELKCSVKSFEI,278,295,S protein,ABF65836.1,sp|P59594|SPIKE_CVHSA Spike glycoprotein OS=Human SARS coronavirus OX=694009 GN=S PE=1 SV=1,P59594,Severe acute respiratory syndrome-related coronavirus,Severe acute respiratory syndrome-related coronavirus,694009
7382,Linear peptide,CYGVSATKL,366,374,Spike glycoprotein precursor,P59594.1,sp|P59594|SPIKE_CVHSA Spike glycoprotein OS=Human SARS coronavirus OX=694009 GN=S PE=1 SV=1,P59594,Severe acute respiratory syndrome-related coronavirus,Severe acute respiratory syndrome-related coronavirus,694009
14208,Linear peptide,ESLTTTSTALGKLQDVV,918,934,S protein,ABF65836.1,sp|P59594|SPIKE_CVHSA Spike glycoprotein OS=Human SARS coronavirus OX=694009 GN=S PE=1 SV=1,P59594,Severe acute respiratory syndrome-related coronavirus,Severe acute respiratory syndrome-related coronavirus,694009
14942,Linear peptide,EWLTAKSVPSPLNWE,333,347,Spike glycoprotein precursor,P22432.1,tr|Q77NQ7|Q77NQ7_CVM2 Spike glycoprotein OS=Murine coronavirus (strain 2) OX=76344 GN=S PE=2 SV=1,Q77NQ7,Murine hepatitis virus strain 4,Murine coronavirus,694005
14943,Linear peptide,EWLTARSVP,333,341,Spike glycoprotein precursor,P11224.2,tr|Q77NQ7|Q77NQ7_CVM2 Spike glycoprotein OS=Murine coronavirus (strain 2) OX=76344 GN=S PE=2 SV=1,Q77NQ7,Murine hepatitis virus strain A59,Murine coronavirus,694005
18487,Linear peptide,FYYLGTGPEASLPYG,111,125,Nucleoprotein,P59595.1,sp|P59595|NCAP_CVHSA Nucleoprotein OS=Human SARS coronavirus OX=694009 GN=N PE=1 SV=1,P59595,Severe acute respiratory syndrome-related coronavirus,Severe acute respiratory syndrome-related coronavirus,694009
20485,Linear peptide,GIVWVATEGALNTPKDHIGT,130,149,Nucleoprotein,P59595.1,sp|P59595|NCAP_CVHSA Nucleoprotein OS=Human SARS coronavirus OX=694009 GN=N PE=1 SV=1,P59595,Severe acute respiratory syndrome-related coronavirus,Severe acute respiratory syndrome-related coronavirus,694009
20544,Linear peptide,GKEELRFPRGQGVPI,61,75,Nucleoprotein,P59595.1,sp|P59595|NCAP_CVHSA Nucleoprotein OS=Human SARS coronavirus OX=694009 GN=N PE=1 SV=1,P59595,Severe acute respiratory syndrome-related coronavirus,Severe acute respiratory syndrome-related coronavirus,694009
21552,Linear peptide,GNYNYKYRYLRHGKL,434,448,Spike glycoprotein precursor,P59594.1,sp|P59594|SPIKE_CVHSA Spike glycoprotein OS=Human SARS coronavirus OX=694009 GN=S PE=1 SV=1,P59594,Severe acute respiratory syndrome-related coronavirus,Severe acute respiratory syndrome-related coronavirus,694009
22456,Linear peptide,GSQAIENQFYIKLTNGS,521,537,S1 glycoprotein,AAB00381.1,sp|P11223|SPIKE_IBVB Spike glycoprotein OS=Avian infectious bronchitis virus (strain Beaudette) OX=11122 GN=S PE=1 SV=1,P11223,Avian infectious bronchitis virus (strain Vic S),Avian coronavirus,694014
23501,Linear peptide,GYWRRQARYKPGKSG,69,83,nucleocapsid protein,AAB48155.1,sp|P69596|NCAP_IBVB Nucleoprotein OS=Avian infectious bronchitis virus (strain Beaudette) OX=11122 GN=N PE=1 SV=1,P69596,Avian infectious bronchitis virus (strain Vic S),Avian coronavirus,694014
23508,Linear peptide,GYYRRATRRVRGGDG,86,100,nucleocapsid protein,AAP49024.1,sp|P59595|NCAP_CVHSA Nucleoprotein OS=Human SARS coronavirus OX=694009 GN=N PE=1 SV=1,P59595,SARS coronavirus Frankfurt 1,Severe acute respiratory syndrome-related coronavirus,694009
25799,Linear peptide,IEEWLTAR,331,338,Spike glycoprotein precursor,P11224.2,tr|Q77NQ7|Q77NQ7_CVM2 Spike glycoprotein OS=Murine coronavirus (strain 2) OX=76344 GN=S PE=2 SV=1,Q77NQ7,Murine hepatitis virus strain A59,Murine coronavirus,694005
29165,Linear peptide,ITYKVMREVRALAYFVNGTA,201,220,S1 glycoprotein,AAB00381.1,sp|P11223|SPIKE_IBVB Spike glycoprotein OS=Avian infectious bronchitis virus (strain Beaudette) OX=11122 GN=S PE=1 SV=1,P11223,Avian infectious bronchitis virus (strain Vic S),Avian coronavirus,694014
29666,Linear peptide,IYQTSNFRVVPSGDVVRF,299,316,S protein,ABF65836.1,sp|P59594|SPIKE_CVHSA Spike glycoprotein OS=Human SARS coronavirus OX=694009 GN=S PE=1 SV=1,P59594,Severe acute respiratory syndrome-related coronavirus,Severe acute respiratory syndrome-related coronavirus,694009
29985,Linear peptide,KAVSAAGVHFKAGGPI,186,201,S1 glycoprotein,AAB00381.1,sp|P11223|SPIKE_IBVB Spike glycoprotein OS=Avian infectious bronchitis virus (strain Beaudette) OX=11122 GN=S PE=1 SV=1,P11223,Avian infectious bronchitis virus (strain Vic S),Avian coronavirus,694014
30098,Linear peptide,KCYGVSATKL,365,374,Spike glycoprotein precursor,P59594.1,sp|P59594|SPIKE_CVHSA Spike glycoprotein OS=Human SARS coronavirus OX=694009 GN=S PE=1 SV=1,P59594,Severe acute respiratory syndrome-related coronavirus,Severe acute respiratory syndrome-related coronavirus,694009
31329,Linear peptide,KILNKPRQKRTPNK,266,279,Nucleocapsid protein (N structural protein) (NC),P03417.1,sp|Q9PY96|NCAP_CVM2 Nucleoprotein OS=Murine coronavirus (strain 2) OX=76344 GN=N PE=2 SV=1,Q9PY96,Murine hepatitis virus strain JHM,Murine coronavirus,694005
31582,Linear peptide,KKISNCVADYSVLYNSTF,343,360,S protein,ABF65836.1,sp|P59594|SPIKE_CVHSA Spike glycoprotein OS=Human SARS coronavirus OX=694009 GN=S PE=1 SV=1,P59594,Severe acute respiratory syndrome-related coronavirus,Severe acute respiratory syndrome-related coronavirus,694009
32340,Linear peptide,KMKELSPRWYFYYLG,101,115,nucleocapsid protein,ABI96968.1,sp|P59595|NCAP_CVHSA Nucleoprotein OS=Human SARS coronavirus OX=694009 GN=N PE=1 SV=1,P59595,Severe acute respiratory syndrome-related coronavirus,Severe acute respiratory syndrome-related coronavirus,694009
33305,Linear peptide,KSFEIDKGIYQTSNFRVV,291,308,S protein,ABF65836.1,sp|P59594|SPIKE_CVHSA Spike glycoprotein OS=Human SARS coronavirus OX=694009 GN=S PE=1 SV=1,P59594,Severe acute respiratory syndrome-related coronavirus,Severe acute respiratory syndrome-related coronavirus,694009
34033,Linear peptide,KVIAKWLAVNVL,3767,3778,Replicase polyprotein 1ab,Q9PYA3.2,sp|P0C6X8|R1AB_CVM2 Replicase polyprotein 1ab OS=Murine coronavirus (strain 2) OX=76344 GN=rep PE=3 SV=1,P0C6X8,Murine hepatitis virus,Murine coronavirus,694005
37758,Linear peptide,LLRSTSQKSIVAYTMSL,665,681,S protein,ABF65836.1,sp|P59594|SPIKE_CVHSA Spike glycoprotein OS=Human SARS coronavirus OX=694009 GN=S PE=1 SV=1,P59594,Severe acute respiratory syndrome-related coronavirus,Severe acute respiratory syndrome-related coronavirus,694009
39670,Linear peptide,LSSLLRYVQAESLSC,358,372,Spike glycoprotein precursor,P22432.1,tr|Q77NQ7|Q77NQ7_CVM2 Spike glycoprotein OS=Murine coronavirus (strain 2) OX=76344 GN=S PE=2 SV=1,Q77NQ7,Murine hepatitis virus strain 4,Murine coronavirus,694005
43383,Linear peptide,NCPYVSYGKFCIKPDGSIST,8,27,S2 protein,ABQ84774.1,sp|P11223|SPIKE_IBVB Spike glycoprotein OS=Avian infectious bronchitis virus (strain Beaudette) OX=11122 GN=S PE=1 SV=1,P11223,Avian infectious bronchitis virus (strain Vic S),Avian coronavirus,694014
44199,Linear peptide,NIDATSTGNYNYKYRYLR,427,444,Spike glycoprotein precursor,P59594.1,sp|P59594|SPIKE_CVHSA Spike glycoprotein OS=Human SARS coronavirus OX=694009 GN=S PE=1 SV=1,P59594,Severe acute respiratory syndrome-related coronavirus,Severe acute respiratory syndrome-related coronavirus,694009
46680,Linear peptide,NYNYKYRYLR,435,444,Spike glycoprotein precursor,P59594.1,sp|P59594|SPIKE_CVHSA Spike glycoprotein OS=Human SARS coronavirus OX=694009 GN=S PE=1 SV=1,P59594,Severe acute respiratory syndrome-related coronavirus,Severe acute respiratory syndrome-related coronavirus,694009
46737,Linear peptide,PAADLNWGENQDGIVWV,100,116,nucleocapsid protein,AAB48155.1,sp|P69596|NCAP_IBVB Nucleoprotein OS=Avian infectious bronchitis virus (strain Beaudette) OX=11122 GN=N PE=1 SV=1,P69596,Avian infectious bronchitis virus (strain Vic S),Avian coronavirus,694014
47074,Linear peptide,PDDQIGYYRRATRRV,81,95,Nucleoprotein,P59595.1,sp|P59595|NCAP_CVHSA Nucleoprotein OS=Human SARS coronavirus OX=694009 GN=N PE=1 SV=1,P59595,Severe acute respiratory syndrome-related coronavirus,Severe acute respiratory syndrome-related coronavirus,694009
48846,Linear peptide,PPNSGGVNTIQLYQTKTAQ,286,304,S1 glycoprotein,AAB00381.1,sp|P11223|SPIKE_IBVB Spike glycoprotein OS=Avian infectious bronchitis virus (strain Beaudette) OX=11122 GN=S PE=1 SV=1,P11223,Avian infectious bronchitis virus (strain Vic S),Avian coronavirus,694014
49606,Linear peptide,PTDSTDNNQNGGRNG,21,35,Nucleoprotein,P59595.1,sp|P59595|NCAP_CVHSA Nucleoprotein OS=Human SARS coronavirus OX=694009 GN=N PE=1 SV=1,P59595,Severe acute respiratory syndrome-related coronavirus,Severe acute respiratory syndrome-related coronavirus,694009
50311,Linear peptide,QALNTLVKQLSSNFGAI,939,955,S protein,ABF65836.1,sp|P59594|SPIKE_CVHSA Spike glycoprotein OS=Human SARS coronavirus OX=694009 GN=S PE=1 SV=1,P59594,Severe acute respiratory syndrome-related coronavirus,Severe acute respiratory syndrome-related coronavirus,694009
53015,Linear peptide,QYNTGNFSDGLYPFTN,237,252,S1 glycoprotein,AAB00381.1,sp|P11223|SPIKE_IBVB Spike glycoprotein OS=Avian infectious bronchitis virus (strain Beaudette) OX=11122 GN=S PE=1 SV=1,P11223,Avian infectious bronchitis virus (strain Vic S),Avian coronavirus,694014
55800,Linear peptide,RSAPRITFGGPTDST,11,25,Nucleoprotein,P59595.1,sp|P59595|NCAP_CVHSA Nucleoprotein OS=Human SARS coronavirus OX=694009 GN=N PE=1 SV=1,P59595,Severe acute respiratory syndrome-related coronavirus,Severe acute respiratory syndrome-related coronavirus,694009
60243,Linear peptide,SPRWYFYYLGTGPEA,106,120,nucleocapsid protein,AAP49024.1,sp|P59595|NCAP_CVHSA Nucleoprotein OS=Human SARS coronavirus OX=694009 GN=N PE=1 SV=1,P59595,SARS coronavirus Frankfurt 1,Severe acute respiratory syndrome-related coronavirus,694009
61554,Linear peptide,STDLIKNQCVNFNFN,516,530,spike glycoprotein precursor,ADC35483.1,sp|P59594|SPIKE_CVHSA Spike glycoprotein OS=Human SARS coronavirus OX=694009 GN=S PE=1 SV=1,P59594,Severe acute respiratory syndrome-related coronavirus,Severe acute respiratory syndrome-related coronavirus,694009
61598,Linear peptide,STFFSTFKCYGVSATKL,358,374,S protein,ABF65836.1,sp|P59594|SPIKE_CVHSA Spike glycoprotein OS=Human SARS coronavirus OX=694009 GN=S PE=1 SV=1,P59594,Severe acute respiratory syndrome-related coronavirus,Severe acute respiratory syndrome-related coronavirus,694009
63309,Linear peptide,TECANLLLQYGSFCTQL,729,745,S protein,ABF65836.1,sp|P59594|SPIKE_CVHSA Spike glycoprotein OS=Human SARS coronavirus OX=694009 GN=S PE=1 SV=1,P59594,Severe acute respiratory syndrome-related coronavirus,Severe acute respiratory syndrome-related coronavirus,694009
65764,Linear peptide,TPSGTWLTYHGAIKL,326,340,nucleocapsid protein,ABI96968.1,sp|P59595|NCAP_CVHSA Nucleoprotein OS=Human SARS coronavirus OX=694009 GN=N PE=1 SV=1,P59595,Severe acute respiratory syndrome-related coronavirus,Severe acute respiratory syndrome-related coronavirus,694009
67241,Linear peptide,TVYVRPIIEDYHTLT,133,147,Membrane protein,P03415.1,sp|Q9JEB4|VME1_CVM2 Membrane protein OS=Murine coronavirus (strain 2) OX=76344 GN=M PE=1 SV=1,Q9JEB4,Murine hepatitis virus strain JHM,Murine coronavirus,694005
68971,Linear peptide,VIGIINNTVYDPLQPEL,1111,1127,S protein,AAP13441.1,sp|P59594|SPIKE_CVHSA Spike glycoprotein OS=Human SARS coronavirus OX=694009 GN=S PE=1 SV=1,P59594,SARS coronavirus Urbani,Severe acute respiratory syndrome-related coronavirus,694009
69035,Linear peptide,VILLNKHIDAYKTFP,351,365,Nucleoprotein,P59595.1,sp|P59595|NCAP_CVHSA Nucleoprotein OS=Human SARS coronavirus OX=694009 GN=N PE=1 SV=1,P59595,Severe acute respiratory syndrome-related coronavirus,Severe acute respiratory syndrome-related coronavirus,694009
72188,Linear peptide,VYVRPIIEDYHTLT,134,147,Membrane protein (M protein) (Membrane glycoprotein) (E1 glycoprotein) (Matrix glycoprotein),P08549.1,sp|Q9JEB4|VME1_CVM2 Membrane protein OS=Murine coronavirus (strain 2) OX=76344 GN=M PE=1 SV=1,Q9JEB4,Murine hepatitis virus strain JHM,Murine coronavirus,694005
72815,Linear peptide,WLTYHGAIKLDDKDP,331,345,Nucleoprotein,P59595.1,sp|P59595|NCAP_CVHSA Nucleoprotein OS=Human SARS coronavirus OX=694009 GN=N PE=1 SV=1,P59595,Severe acute respiratory syndrome-related coronavirus,Severe acute respiratory syndrome-related coronavirus,694009
77913,Linear peptide,IDMKGTVYVRPIIE,128,141,membrane protein (M),YP_209237.1,sp|Q9JEB4|VME1_CVM2 Membrane protein OS=Murine coronavirus (strain 2) OX=76344 GN=M PE=1 SV=1,Q9JEB4,Murine hepatitis virus strain JHM,Murine coronavirus,694005
78085,Linear peptide,YVRPIIEDYHTLTA,135,148,membrane protein (M),YP_209237.1,sp|Q9JEB4|VME1_CVM2 Membrane protein OS=Murine coronavirus (strain 2) OX=76344 GN=M PE=1 SV=1,Q9JEB4,Murine hepatitis virus strain JHM,Murine coronavirus,694005
78948,Linear peptide,DCKIEEWLTAKSVPS,328,342,Spike glycoprotein precursor,P22432.1,tr|Q77NQ7|Q77NQ7_CVM2 Spike glycoprotein OS=Murine coronavirus (strain 2) OX=76344 GN=S PE=2 SV=1,Q77NQ7,Murine hepatitis virus strain 4,Murine coronavirus,694005
79077,Linear peptide,RYVQAESLSCNNIDA,363,377,Spike glycoprotein precursor,P22432.1,tr|Q77NQ7|Q77NQ7_CVM2 Spike glycoprotein OS=Murine coronavirus (strain 2) OX=76344 GN=S PE=2 SV=1,Q77NQ7,Murine hepatitis virus strain 4,Murine coronavirus,694005
79080,Linear peptide,SGFLQTANYKIDTAA,408,422,Spike glycoprotein precursor,P22432.1,tr|Q77NQ7|Q77NQ7_CVM2 Spike glycoprotein OS=Murine coronavirus (strain 2) OX=76344 GN=S PE=2 SV=1,Q77NQ7,Murine hepatitis virus strain 4,Murine coronavirus,694005
87544,Linear peptide,QFLQQINAYARPSEV,321,335,Nucleoprotein,P05991.1,sp|P04134|NCAP_CVPPU Nucleoprotein OS=Porcine transmissible gastroenteritis coronavirus (strain Purdue) OX=11151 GN=N PE=1 SV=2,P04134,Transmissible gastroenteritis virus MAD88,Alphacoronavirus 1,693997
94903,Linear peptide,QHGYWRRQARFKPGKGG,67,83,nucleocapsid protein,NP_040838.1,sp|P69596|NCAP_IBVB Nucleoprotein OS=Avian infectious bronchitis virus (strain Beaudette) OX=11122 GN=N PE=1 SV=1,P69596,Avian infectious bronchitis virus (strain M41),Avian coronavirus,694014
94968,Linear peptide,WRRQARFK,71,78,nucleocapsid protein,NP_040838.1,sp|P69596|NCAP_IBVB Nucleoprotein OS=Avian infectious bronchitis virus (strain Beaudette) OX=11122 GN=N PE=1 SV=1,P69596,Avian infectious bronchitis virus (strain M41),Avian coronavirus,694014
94969,Linear peptide,WRRQARFKPGKGG,71,83,nucleocapsid protein,NP_040838.1,sp|P69596|NCAP_IBVB Nucleoprotein OS=Avian infectious bronchitis virus (strain Beaudette) OX=11122 GN=N PE=1 SV=1,P69596,Avian infectious bronchitis virus (strain M41),Avian coronavirus,694014
99899,Linear peptide,AQKFNGLTVLPPLLTDDM,834,851,S protein,ABF65836.1,sp|P59594|SPIKE_CVHSA Spike glycoprotein OS=Human SARS coronavirus OX=694009 GN=S PE=1 SV=1,P59594,Severe acute respiratory syndrome-related coronavirus,Severe acute respiratory syndrome-related coronavirus,694009
99918,Linear peptide,CTFEYISDAFSLD,159,171,S protein,ABF65836.1,sp|P59594|SPIKE_CVHSA Spike glycoprotein OS=Human SARS coronavirus OX=694009 GN=S PE=1 SV=1,P59594,Severe acute respiratory syndrome-related coronavirus,Severe acute respiratory syndrome-related coronavirus,694009
99926,Linear peptide,DAFSLDVSEKSGN,166,178,S protein,ABF65836.1,sp|P59594|SPIKE_CVHSA Spike glycoprotein OS=Human SARS coronavirus OX=694009 GN=S PE=1 SV=1,P59594,Severe acute respiratory syndrome-related coronavirus,Severe acute respiratory syndrome-related coronavirus,694009
99995,Linear peptide,EIFRSDTLYLTQDLFLPF,45,62,S protein,ABF65836.1,sp|P59594|SPIKE_CVHSA Spike glycoprotein OS=Human SARS coronavirus OX=694009 GN=S PE=1 SV=1,P59594,Severe acute respiratory syndrome-related coronavirus,Severe acute respiratory syndrome-related coronavirus,694009
100048,Linear peptide,GAALQIPFAMQMAYRF,873,888,S protein,ABF65836.1,sp|P59594|SPIKE_CVHSA Spike glycoprotein OS=Human SARS coronavirus OX=694009 GN=S PE=1 SV=1,P59594,Severe acute respiratory syndrome-related coronavirus,Severe acute respiratory syndrome-related coronavirus,694009
100057,Linear peptide,GFMKQYGECLGDINARDL,814,831,S protein,ABF65836.1,sp|P59594|SPIKE_CVHSA Spike glycoprotein OS=Human SARS coronavirus OX=694009 GN=S PE=1 SV=1,P59594,Severe acute respiratory syndrome-related coronavirus,Severe acute respiratory syndrome-related coronavirus,694009
100230,Linear peptide,KSIVAYTMSLGADSSIAY,672,689,S protein,ABF65836.1,sp|P59594|SPIKE_CVHSA Spike glycoprotein OS=Human SARS coronavirus OX=694009 GN=S PE=1 SV=1,P59594,Severe acute respiratory syndrome-related coronavirus,Severe acute respiratory syndrome-related coronavirus,694009
100300,Linear peptide,MAYRFNGIGVTQNVLY,884,899,S protein,ABF65836.1,sp|P59594|SPIKE_CVHSA Spike glycoprotein OS=Human SARS coronavirus OX=694009 GN=S PE=1 SV=1,P59594,Severe acute respiratory syndrome-related coronavirus,Severe acute respiratory syndrome-related coronavirus,694009
100316,Linear peptide,NAFNCTFEYISDAFSLDV,155,172,S protein,ABF65836.1,sp|P59594|SPIKE_CVHSA Spike glycoprotein OS=Human SARS coronavirus OX=694009 GN=S PE=1 SV=1,P59594,Severe acute respiratory syndrome-related coronavirus,Severe acute respiratory syndrome-related coronavirus,694009
100347,Linear peptide,NPFFAVSKPMGTQTHTMI,135,152,S protein,ABF65836.1,sp|P59594|SPIKE_CVHSA Spike glycoprotein OS=Human SARS coronavirus OX=694009 GN=S PE=1 SV=1,P59594,Severe acute respiratory syndrome-related coronavirus,Severe acute respiratory syndrome-related coronavirus,694009
100428,Linear peptide,QLIRAAEIRASANLAATK,993,1010,S protein,ABF65836.1,sp|P59594|SPIKE_CVHSA Spike glycoprotein OS=Human SARS coronavirus OX=694009 GN=S PE=1 SV=1,P59594,Severe acute respiratory syndrome-related coronavirus,Severe acute respiratory syndrome-related coronavirus,694009
100481,Linear peptide,RPFERDISNVPFS,449,461,S protein,ABF65836.1,sp|P59594|SPIKE_CVHSA Spike glycoprotein OS=Human SARS coronavirus OX=694009 GN=S PE=1 SV=1,P59594,Severe acute respiratory syndrome-related coronavirus,Severe acute respiratory syndrome-related coronavirus,694009
100537,Linear peptide,SWFITQRNFFSPQII,1083,1097,S protein,ABF65836.1,sp|P59594|SPIKE_CVHSA Spike glycoprotein OS=Human SARS coronavirus OX=694009 GN=S PE=1 SV=1,P59594,Severe acute respiratory syndrome-related coronavirus,Severe acute respiratory syndrome-related coronavirus,694009
100541,Linear peptide,TAFSPAQDIWGTSAAAYF,236,253,S protein,ABF65836.1,sp|P59594|SPIKE_CVHSA Spike glycoprotein OS=Human SARS coronavirus OX=694009 GN=S PE=1 SV=1,P59594,Severe acute respiratory syndrome-related coronavirus,Severe acute respiratory syndrome-related coronavirus,694009
100553,Linear peptide,TGFHTINHTFGNPVIPFK,67,84,S protein,ABF65836.1,sp|P59594|SPIKE_CVHSA Spike glycoprotein OS=Human SARS coronavirus OX=694009 GN=S PE=1 SV=1,P59594,Severe acute respiratory syndrome-related coronavirus,Severe acute respiratory syndrome-related coronavirus,694009
100561,Linear peptide,TLKPIFKLPLGINITNFR,215,232,S protein,ABF65836.1,sp|P59594|SPIKE_CVHSA Spike glycoprotein OS=Human SARS coronavirus OX=694009 GN=S PE=1 SV=1,P59594,Severe acute respiratory syndrome-related coronavirus,Severe acute respiratory syndrome-related coronavirus,694009
100567,Linear peptide,TNFRAILTAFSPAQDIW,229,245,S protein,ABF65836.1,sp|P59594|SPIKE_CVHSA Spike glycoprotein OS=Human SARS coronavirus OX=694009 GN=S PE=1 SV=1,P59594,Severe acute respiratory syndrome-related coronavirus,Severe acute respiratory syndrome-related coronavirus,694009
100612,Linear peptide,VKQMYKTPTLKYFGGFNF,767,784,S protein,ABF65836.1,sp|P59594|SPIKE_CVHSA Spike glycoprotein OS=Human SARS coronavirus OX=694009 GN=S PE=1 SV=1,P59594,Severe acute respiratory syndrome-related coronavirus,Severe acute respiratory syndrome-related coronavirus,694009
100627,Linear peptide,VRGWVFGSTMNNKSQSVI,98,115,S protein,ABF65836.1,sp|P59594|SPIKE_CVHSA Spike glycoprotein OS=Human SARS coronavirus OX=694009 GN=S PE=1 SV=1,P59594,Severe acute respiratory syndrome-related coronavirus,Severe acute respiratory syndrome-related coronavirus,694009
100664,Linear peptide,YLRHGKLRPFERDISNVP,442,459,S protein,ABF65836.1,sp|P59594|SPIKE_CVHSA Spike glycoprotein OS=Human SARS coronavirus OX=694009 GN=S PE=1 SV=1,P59594,Severe acute respiratory syndrome-related coronavirus,Severe acute respiratory syndrome-related coronavirus,694009
100665,Linear peptide,YLTQDLFLPFYSNVTGFH,53,70,S protein,ABF65836.1,sp|P59594|SPIKE_CVHSA Spike glycoprotein OS=Human SARS coronavirus OX=694009 GN=S PE=1 SV=1,P59594,Severe acute respiratory syndrome-related coronavirus,Severe acute respiratory syndrome-related coronavirus,694009
102285,Linear peptide,ACNIEEWLTARSVPS,328,342,Spike glycoprotein precursor,P11224.2,tr|Q77NQ7|Q77NQ7_CVM2 Spike glycoprotein OS=Murine coronavirus (strain 2) OX=76344 GN=S PE=2 SV=1,Q77NQ7,Murine hepatitis virus strain A59,Murine coronavirus,694005
125005,Linear peptide,DDQIGYYRRATRRVR,82,96,nucleocapsid protein,AAP49024.1,sp|P59595|NCAP_CVHSA Nucleoprotein OS=Human SARS coronavirus OX=694009 GN=N PE=1 SV=1,P59595,SARS coronavirus Frankfurt 1,Severe acute respiratory syndrome-related coronavirus,694009
125060,Linear peptide,GDGKMKELSPRWYFY,98,112,nucleocapsid protein,AAP49024.1,sp|P59595|NCAP_CVHSA Nucleoprotein OS=Human SARS coronavirus OX=694009 GN=N PE=1 SV=1,P59595,SARS coronavirus Frankfurt 1,Severe acute respiratory syndrome-related coronavirus,694009
125079,Linear peptide,GQGVPINTNSGPDDQ,70,84,nucleocapsid protein,AAP49024.1,sp|P59595|NCAP_CVHSA Nucleoprotein OS=Human SARS coronavirus OX=694009 GN=N PE=1 SV=1,P59595,SARS coronavirus Frankfurt 1,Severe acute respiratory syndrome-related coronavirus,694009
125158,Linear peptide,MKELSPRWYFYYLGT,102,116,nucleocapsid protein,AAP49024.1,sp|P59595|NCAP_CVHSA Nucleoprotein OS=Human SARS coronavirus OX=694009 GN=N PE=1 SV=1,P59595,SARS coronavirus Frankfurt 1,Severe acute respiratory syndrome-related coronavirus,694009
125181,Linear peptide,NSGPDDQIGYYRRAT,78,92,nucleocapsid protein,AAP49024.1,sp|P59595|NCAP_CVHSA Nucleoprotein OS=Human SARS coronavirus OX=694009 GN=N PE=1 SV=1,P59595,SARS coronavirus Frankfurt 1,Severe acute respiratory syndrome-related coronavirus,694009
125193,Linear peptide,PINTNSGPDDQIGYY,74,88,nucleocapsid protein,AAP49024.1,sp|P59595|NCAP_CVHSA Nucleoprotein OS=Human SARS coronavirus OX=694009 GN=N PE=1 SV=1,P59595,SARS coronavirus Frankfurt 1,Severe acute respiratory syndrome-related coronavirus,694009
125228,Linear peptide,RATRRVRGGDGKMKE,90,104,nucleocapsid protein,AAP49024.1,sp|P59595|NCAP_CVHSA Nucleoprotein OS=Human SARS coronavirus OX=694009 GN=N PE=1 SV=1,P59595,SARS coronavirus Frankfurt 1,Severe acute respiratory syndrome-related coronavirus,694009
125249,Linear peptide,RVRGGDGKMKELSPR,94,108,nucleocapsid protein,AAP49024.1,sp|P59595|NCAP_CVHSA Nucleoprotein OS=Human SARS coronavirus OX=694009 GN=N PE=1 SV=1,P59595,SARS coronavirus Frankfurt 1,Severe acute respiratory syndrome-related coronavirus,694009
125322,Linear peptide,YFYYLGTGPEASL,110,122,nucleocapsid protein,AAP49024.1,sp|P59595|NCAP_CVHSA Nucleoprotein OS=Human SARS coronavirus OX=694009 GN=N PE=1 SV=1,P59595,SARS coronavirus Frankfurt 1,Severe acute respiratory syndrome-related coronavirus,694009
138985,Linear peptide,ADMLEQYNPNYTTPELNLL,1328,1346,peplomer protein,BAA06805.1,sp|P07946|SPIKE_CVPPU Spike glycoprotein OS=Porcine transmissible gastroenteritis coronavirus (strain Purdue) OX=11151 GN=S PE=1 SV=2,P07946,Feline infectious peritonitis virus (strain KU-2),Alphacoronavirus 1,693997
138986,Linear peptide,ADNLTTIAHELQQYIDNLNK,1368,1387,peplomer protein,BAA06805.1,sp|P07946|SPIKE_CVPPU Spike glycoprotein OS=Porcine transmissible gastroenteritis coronavirus (strain Purdue) OX=11151 GN=S PE=1 SV=2,P07946,Feline infectious peritonitis virus (strain KU-2),Alphacoronavirus 1,693997
139032,Linear peptide,EALSQLTSQLQKNFQAISSS,1129,1148,peplomer protein,BAA06805.1,sp|P07946|SPIKE_CVPPU Spike glycoprotein OS=Porcine transmissible gastroenteritis coronavirus (strain Purdue) OX=11151 GN=S PE=1 SV=2,P07946,Feline infectious peritonitis virus (strain KU-2),Alphacoronavirus 1,693997
139034,Linear peptide,EIDQLEQRADNLTTIAHELQ,1360,1379,peplomer protein,BAA06805.1,sp|P07946|SPIKE_CVPPU Spike glycoprotein OS=Porcine transmissible gastroenteritis coronavirus (strain Purdue) OX=11151 GN=S PE=1 SV=2,P07946,Feline infectious peritonitis virus (strain KU-2),Alphacoronavirus 1,693997
139054,Linear peptide,FSLVNSAPEGLLFFHTVLLPTEWEEVTA,1222,1249,peplomer protein,BAA06805.1,sp|P07946|SPIKE_CVPPU Spike glycoprotein OS=Porcine transmissible gastroenteritis coronavirus (strain Purdue) OX=11151 GN=S PE=1 SV=2,P07946,Feline infectious peritonitis virus (strain KU-2),Alphacoronavirus 1,693997
139063,Linear peptide,GKVSNAITTTSDGFNSMASA,1097,1116,peplomer protein,BAA06805.1,sp|P07946|SPIKE_CVPPU Spike glycoprotein OS=Porcine transmissible gastroenteritis coronavirus (strain Purdue) OX=11151 GN=S PE=1 SV=2,P07946,Feline infectious peritonitis virus (strain KU-2),Alphacoronavirus 1,693997
139083,Linear peptide,IGNITLALGKVSNAITTTSD,1089,1108,peplomer protein,BAA06805.1,sp|P07946|SPIKE_CVPPU Spike glycoprotein OS=Porcine transmissible gastroenteritis coronavirus (strain Purdue) OX=11151 GN=S PE=1 SV=2,P07946,Feline infectious peritonitis virus (strain KU-2),Alphacoronavirus 1,693997
139100,Linear peptide,ITGRLAALNAYVSQTLTQY,1169,1187,peplomer protein,BAA06805.1,sp|P07946|SPIKE_CVPPU Spike glycoprotein OS=Porcine transmissible gastroenteritis coronavirus (strain Purdue) OX=11151 GN=S PE=1 SV=2,P07946,Feline infectious peritonitis virus (strain KU-2),Alphacoronavirus 1,693997
139159,Linear peptide,LDWLNRIETYVKWPWYVWLL,1392,1411,peplomer protein,BAA06805.1,sp|P07946|SPIKE_CVPPU Spike glycoprotein OS=Porcine transmissible gastroenteritis coronavirus (strain Purdue) OX=11151 GN=S PE=1 SV=2,P07946,Feline infectious peritonitis virus (strain KU-2),Alphacoronavirus 1,693997
139206,Linear peptide,QLQKNFQAISSSIAEIYNRL,1137,1156,peplomer protein,BAA06805.1,sp|P07946|SPIKE_CVPPU Spike glycoprotein OS=Porcine transmissible gastroenteritis coronavirus (strain Purdue) OX=11151 GN=S PE=1 SV=2,P07946,Feline infectious peritonitis virus (strain KU-2),Alphacoronavirus 1,693997
139212,Linear peptide,QSVVNQQGEALSQLTSQLQK,1121,1140,peplomer protein,BAA06805.1,sp|P07946|SPIKE_CVPPU Spike glycoprotein OS=Porcine transmissible gastroenteritis coronavirus (strain Purdue) OX=11151 GN=S PE=1 SV=2,P07946,Feline infectious peritonitis virus (strain KU-2),Alphacoronavirus 1,693997
139313,Linear peptide,TFQEIVIDYIDINKTIADML,1312,1331,peplomer protein,BAA06805.1,sp|P07946|SPIKE_CVPPU Spike glycoprotein OS=Porcine transmissible gastroenteritis coronavirus (strain Purdue) OX=11151 GN=S PE=1 SV=2,P07946,Feline infectious peritonitis virus (strain KU-2),Alphacoronavirus 1,693997
139392,Linear peptide,WSGICVNDTYAYVLKDFDHSIFSYNGTY,1250,1277,peplomer protein,BAA06805.1,sp|P07946|SPIKE_CVPPU Spike glycoprotein OS=Porcine transmissible gastroenteritis coronavirus (strain Purdue) OX=11151 GN=S PE=1 SV=2,P07946,Feline infectious peritonitis virus (strain KU-2),Alphacoronavirus 1,693997
139404,Linear peptide,YIDINKTIADMLEQYNPNYT,1320,1339,peplomer protein,BAA06805.1,sp|P07946|SPIKE_CVPPU Spike glycoprotein OS=Porcine transmissible gastroenteritis coronavirus (strain Purdue) OX=11151 GN=S PE=1 SV=2,P07946,Feline infectious peritonitis virus (strain KU-2),Alphacoronavirus 1,693997
139407,Linear peptide,YNRLEKVEADAQVDRLITGR,1153,1172,peplomer protein,BAA06805.1,sp|P07946|SPIKE_CVPPU Spike glycoprotein OS=Porcine transmissible gastroenteritis coronavirus (strain Purdue) OX=11151 GN=S PE=1 SV=2,P07946,Feline infectious peritonitis virus (strain KU-2),Alphacoronavirus 1,693997
146856,Linear peptide,DVYELQYSGAIRFDS,346,360,nucleocapsid protein,ABS87269.1,sp|Q9PY96|NCAP_CVM2 Nucleoprotein OS=Murine coronavirus (strain 2) OX=76344 GN=N PE=2 SV=1,Q9PY96,Murine hepatitis virus,Murine coronavirus,694005
146966,Linear peptide,GGNSIIGFWHTDIKS,171,185,spike protein,ABS87264.1,tr|Q77NQ7|Q77NQ7_CVM2 Spike glycoprotein OS=Murine coronavirus (strain 2) OX=76344 GN=S PE=2 SV=1,Q77NQ7,Murine hepatitis virus,Murine coronavirus,694005
147006,Linear peptide,GVSGFAVYVKSKVGN,196,210,membrane protein,ABS87268.1,sp|Q9JEB4|VME1_CVM2 Membrane protein OS=Murine coronavirus (strain 2) OX=76344 GN=M PE=1 SV=1,Q9JEB4,Murine hepatitis virus,Murine coronavirus,694005
147025,Linear peptide,IDDINFSPLLGCLGS,881,895,spike protein,ABS87264.1,tr|Q77NQ7|Q77NQ7_CVM2 Spike glycoprotein OS=Murine coronavirus (strain 2) OX=76344 GN=S PE=2 SV=1,Q77NQ7,Murine hepatitis virus,Murine coronavirus,694005
147062,Linear peptide,KGTVYVRPIIEDYHT,131,145,membrane protein,ABS87268.1,sp|Q9JEB4|VME1_CVM2 Membrane protein OS=Murine coronavirus (strain 2) OX=76344 GN=M PE=1 SV=1,Q9JEB4,Murine hepatitis virus,Murine coronavirus,694005
147085,Linear peptide,LDAYQDQAGGADVVS,376,390,nucleocapsid protein,ABS87269.1,sp|Q9PY96|NCAP_CVM2 Nucleoprotein OS=Murine coronavirus (strain 2) OX=76344 GN=N PE=2 SV=1,Q9PY96,Murine hepatitis virus,Murine coronavirus,694005
147114,Linear peptide,LSDVGFVEAYNNCTG,921,935,spike protein,ABS87264.1,tr|Q77NQ7|Q77NQ7_CVM2 Spike glycoprotein OS=Murine coronavirus (strain 2) OX=76344 GN=S PE=2 SV=1,Q77NQ7,Murine hepatitis virus,Murine coronavirus,694005
147122,Linear peptide,LTTFEPFTVSIVNDS,766,780,spike protein,ABS87264.1,tr|Q77NQ7|Q77NQ7_CVM2 Spike glycoprotein OS=Murine coronavirus (strain 2) OX=76344 GN=S PE=2 SV=1,Q77NQ7,Murine hepatitis virus,Murine coronavirus,694005
147293,Linear peptide,SLLRFVQAESLSCSN,361,375,spike protein,ABS87264.1,tr|Q77NQ7|Q77NQ7_CVM2 Spike glycoprotein OS=Murine coronavirus (strain 2) OX=76344 GN=S PE=2 SV=1,Q77NQ7,Murine hepatitis virus,Murine coronavirus,694005
149122,Linear peptide,TMLSLATAKVIAKWLAVNVLYFTDVPQIKL,3811,3840,Replicase polyprotein 1ab,P16342.2,sp|P0C6X8|R1AB_CVM2 Replicase polyprotein 1ab OS=Murine coronavirus (strain 2) OX=76344 GN=rep PE=3 SV=1,P0C6X8,Murine hepatitis virus,Murine coronavirus,694005
156841,Linear peptide,AFLAVFQSATKIIAL,51,65,Protein 3a,P59632.1,sp|P59632|AP3A_CVHSA Protein 3a OS=Human SARS coronavirus OX=694009 GN=3a PE=1 SV=1,P59632,Severe acute respiratory syndrome-related coronavirus,Severe acute respiratory syndrome-related coronavirus,694009
156880,Linear peptide,GVKDYVVVHGYFTEV,196,210,Protein 3a,P59632.1,sp|P59632|AP3A_CVHSA Protein 3a OS=Human SARS coronavirus OX=694009 GN=3a PE=1 SV=1,P59632,Severe acute respiratory syndrome-related coronavirus,Severe acute respiratory syndrome-related coronavirus,694009
156921,Linear peptide,NKRWQLALYKGFQFI,66,80,Protein 3a,P59632.1,sp|P59632|AP3A_CVHSA Protein 3a OS=Human SARS coronavirus OX=694009 GN=3a PE=1 SV=1,P59632,Severe acute respiratory syndrome-related coronavirus,Severe acute respiratory syndrome-related coronavirus,694009
156949,Linear peptide,RFFTLGSITAQPVKI,6,20,Protein 3a,P59632.1,sp|P59632|AP3A_CVHSA Protein 3a OS=Human SARS coronavirus OX=694009 GN=3a PE=1 SV=1,P59632,Severe acute respiratory syndrome-related coronavirus,Severe acute respiratory syndrome-related coronavirus,694009
156976,Linear peptide,YFTEVYYQLESTQIT,206,220,Protein 3a,P59632.1,sp|P59632|AP3A_CVHSA Protein 3a OS=Human SARS coronavirus OX=694009 GN=3a PE=1 SV=1,P59632,Severe acute respiratory syndrome-related coronavirus,Severe acute respiratory syndrome-related coronavirus,694009
532052,Linear peptide,GTSWFITQRNFFSPQ,1081,1095,spike glycoprotein precursor,ADC35483.1,sp|P59594|SPIKE_CVHSA Spike glycoprotein OS=Human SARS coronavirus OX=694009 GN=S PE=1 SV=1,P59594,Severe acute respiratory syndrome-related coronavirus,Severe acute respiratory syndrome-related coronavirus,694009
533900,Linear peptide,SSKRFQPFQQFGRDV,541,555,spike glycoprotein precursor,ADC35483.1,sp|P59594|SPIKE_CVHSA Spike glycoprotein OS=Human SARS coronavirus OX=694009 GN=S PE=1 SV=1,P59594,Severe acute respiratory syndrome-related coronavirus,Severe acute respiratory syndrome-related coronavirus,694009
985542,Linear peptide,IFLAQVDAYKLGD,326,338,Nucleoprotein,Q0Q462.1,sp|Q0Q462|NCAP_BC512 Nucleoprotein OS=Bat coronavirus 512/2005 OX=693999 GN=N PE=3 SV=1,Q0Q462,Scotophilus bat coronavirus 512,Scotophilus bat coronavirus 512,693999
985547,Linear peptide,ILDANIDAYKSFP,349,361,N protein [Pipistrellus bat coronavirus HKU5],AWH65917.1,sp|A3EXD7|NCAP_BCHK5 Nucleoprotein OS=Bat coronavirus HKU5 OX=694008 GN=N PE=3 SV=1,A3EXD7,Pipistrellus bat coronavirus HKU5,Pipistrellus bat coronavirus HKU5,694008
985586,Linear peptide,LLEQNIDAYKTFP,350,362,N protein [Human betacoronavirus 2c EMC/2012],AFS88943.1,sp|K9N4V7|NCAP_MERS1 Nucleoprotein OS=Middle East respiratory syndrome-related coronavirus (isolate United Kingdom/H123990006/2012) OX=1263720 GN=N PE=3 SV=1,K9N4V7,Human betacoronavirus 2c EMC/2012,Middle East respiratory syndrome-related coronavirus,1335626
985587,Linear peptide,LLESNIDAYKTFP,351,363,Nucleocapsid phosphoprotein [Bat coronavirus HKU4-4],ABN10873.1,sp|A3EXA1|NCAP_BCHK4 Nucleoprotein OS=Bat coronavirus HKU4 OX=694007 GN=N PE=3 SV=1,A3EXA1,Bat coronavirus HKU4-4,Tylonycteris bat coronavirus HKU4,694007
985589,Linear peptide,LLNKHIDAYKTFP,353,365,Nucleoprotein,P59595.1,sp|P59595|NCAP_CVHSA Nucleoprotein OS=Human SARS coronavirus OX=694009 GN=N PE=1 SV=1,P59595,Severe acute respiratory syndrome-related coronavirus,Severe acute respiratory syndrome-related coronavirus,694009
985626,Linear peptide,QFLEQIDAYKRPS,317,329,nucleocapsid protein,ADC34663.1,sp|P04134|NCAP_CVPPU Nucleoprotein OS=Porcine transmissible gastroenteritis coronavirus (strain Purdue) OX=11151 GN=N PE=1 SV=2,P04134,Feline coronavirus,Alphacoronavirus 1,693997
1066315,Linear peptide,DHGNPVYFLRYSGAIKLDPK,321,340,N protein [Human betacoronavirus 2c EMC/2012],AFS88943.1,sp|K9N4V7|NCAP_MERS1 Nucleoprotein OS=Middle East respiratory syndrome-related coronavirus (isolate United Kingdom/H123990006/2012) OX=1263720 GN=N PE=3 SV=1,K9N4V7,Human betacoronavirus 2c EMC/2012,Middle East respiratory syndrome-related coronavirus,1335626
1066372,Linear peptide,IEVDIQQTFFDKTWPRPIDV,31,50,S protein,AFS88936.1,sp|K9N5Q8|SPIKE_MERS1 Spike glycoprotein OS=Middle East respiratory syndrome-related coronavirus (isolate United Kingdom/H123990006/2012) OX=1263720 GN=S PE=1 SV=1,K9N5Q8,Human betacoronavirus 2c EMC/2012,Middle East respiratory syndrome-related coronavirus,1335626
1066373,Linear peptide,IGDIIQRLDVLEQDAQIDRL,1051,1070,S protein,AFS88936.1,sp|K9N5Q8|SPIKE_MERS1 Spike glycoprotein OS=Middle East respiratory syndrome-related coronavirus (isolate United Kingdom/H123990006/2012) OX=1263720 GN=S PE=1 SV=1,K9N5Q8,Human betacoronavirus 2c EMC/2012,Middle East respiratory syndrome-related coronavirus,1335626
1066383,Linear peptide,KPNVLIALKMVKRQSYGTNS,171,190,M protein [Human betacoronavirus 2c EMC/2012],AFS88942.1,sp|K9N7A1|VME1_MERS1 Membrane protein OS=Middle East respiratory syndrome-related coronavirus (isolate United Kingdom/H123990006/2012) OX=1263720 GN=M PE=3 SV=1,,Human betacoronavirus 2c EMC/2012,Middle East respiratory syndrome-related coronavirus,1335626
1066390,Linear peptide,LILDYFSYPLSMKSDLSVSS,441,460,S protein,AFS88936.1,sp|K9N5Q8|SPIKE_MERS1 Spike glycoprotein OS=Middle East respiratory syndrome-related coronavirus (isolate United Kingdom/H123990006/2012) OX=1263720 GN=S PE=1 SV=1,K9N5Q8,Human betacoronavirus 2c EMC/2012,Middle East respiratory syndrome-related coronavirus,1335626
1066411,Linear peptide,NKCSRLLSDDRTEVPQLVNA,501,520,S protein,AFS88936.1,sp|K9N5Q8|SPIKE_MERS1 Spike glycoprotein OS=Middle East respiratory syndrome-related coronavirus (isolate United Kingdom/H123990006/2012) OX=1263720 GN=S PE=1 SV=1,K9N5Q8,Human betacoronavirus 2c EMC/2012,Middle East respiratory syndrome-related coronavirus,1335626
1066427,Linear peptide,PTASAFMGMSQFKLTHQNND,301,320,N protein [Human betacoronavirus 2c EMC/2012],AFS88943.1,sp|K9N4V7|NCAP_MERS1 Nucleoprotein OS=Middle East respiratory syndrome-related coronavirus (isolate United Kingdom/H123990006/2012) OX=1263720 GN=N PE=3 SV=1,K9N4V7,Human betacoronavirus 2c EMC/2012,Middle East respiratory syndrome-related coronavirus,1335626
1066446,Linear peptide,RHKRTSTKSFNMVQAFGLRG,251,270,N protein [Human betacoronavirus 2c EMC/2012],AFS88943.1,sp|K9N4V7|NCAP_MERS1 Nucleoprotein OS=Middle East respiratory syndrome-related coronavirus (isolate United Kingdom/H123990006/2012) OX=1263720 GN=N PE=3 SV=1,K9N4V7,Human betacoronavirus 2c EMC/2012,Middle East respiratory syndrome-related coronavirus,1335626
1066450,Linear peptide,RSIQSDRKAWAAFYVYKLQP,301,320,S protein,AFS88936.1,sp|K9N5Q8|SPIKE_MERS1 Spike glycoprotein OS=Middle East respiratory syndrome-related coronavirus (isolate United Kingdom/H123990006/2012) OX=1263720 GN=S PE=1 SV=1,K9N5Q8,Human betacoronavirus 2c EMC/2012,Middle East respiratory syndrome-related coronavirus,1335626
1066510,Linear peptide,VYDAYQNLVGYYSDDGNYYC,631,650,S protein,AFS88936.1,sp|K9N5Q8|SPIKE_MERS1 Spike glycoprotein OS=Middle East respiratory syndrome-related coronavirus (isolate United Kingdom/H123990006/2012) OX=1263720 GN=S PE=1 SV=1,K9N5Q8,Human betacoronavirus 2c EMC/2012,Middle East respiratory syndrome-related coronavirus,1335626